<?xml version="1.0" encoding="UTF-8"?>
<project-private xmlns="http://www.netbeans.org/ns/project-private/1">
    <editor-bookmarks xmlns="http://www.netbeans.org/ns/editor-bookmarks/2" lastBookmarkId="0"/>
    <open-files xmlns="http://www.netbeans.org/ns/projectui-open-files/2">
        <group>
            <file>file:/Users/chilcj/OneDrive%20-%20Concordia%20University%20-%20Canada/Winter%202025/COMP%20352/COMP-352/A2/MyList/src/mylist/MyArrayList.java</file>
            <file>file:/Users/chilcj/OneDrive%20-%20Concordia%20University%20-%20Canada/Winter%202025/COMP%20352/COMP-352/A2/MyList/src/mylist/MyLinkedList.java</file>
            <file>file:/Users/chilcj/OneDrive%20-%20Concordia%20University%20-%20Canada/Winter%202025/COMP%20352/COMP-352/A2/MyList/src/mylist/ListTester.java</file>
        </group>
    </open-files>
</project-private>
